{
  "apply_mitigation": true,
  "backend_name": "ibm_boston",
  "benchmark": {
    "abs_error": 0.11162375,
    "abs_error_raw": 0.11943625,
    "classical_value": 0.00947,
    "metric": "P(loss > target_loss)",
    "quantum_value": 0.12109375,
    "quantum_value_raw": 0.12890625,
    "rel_error": 11.78709081309398,
    "rel_error_raw": 12.612064413938754
  },
  "cal_shots": 128,
  "classical": {
    "cvar_0_95": 2719804781.577719,
    "cvar_0_99": 7995413391.305314,
    "cvar_0_999": 9045562754.16581,
    "max_loss": 14622444056.4,
    "n_scenarios": 200000,
    "tail_at_target_loss": 0.00947,
    "tail_prob_0_95": 0.043805,
    "tail_prob_0_99": 0.00997,
    "tail_prob_0_999": 0.000585,
    "var_0_95": 481749868.8,
    "var_0_99": 2148389979.0,
    "var_0_999": 8235261274.4
  },
  "compile_report": {
    "backend_name": "ibm_boston",
    "depth": 919,
    "estimated_success_probability": 0.5199445447300569,
    "gate_counts": {
      "cz": 509,
      "measure": 1,
      "rz": 661,
      "sx": 1010,
      "x": 83
    },
    "n_qubits": 156,
    "notes": "",
    "processor_type": "Heron 3",
    "selected_physical_qubits": [
      14,
      15,
      19,
      35,
      34,
      33,
      32,
      31,
      18,
      30,
      39,
      29,
      38,
      49,
      50,
      51
    ],
    "two_qubit_depth_proxy": 509
  },
  "dataset": {
    "F_values": [
      [
        0.041,
        0.2972
      ],
      [
        0.0079,
        0.0675
      ],
      [
        -0.0306,
        -0.0725
      ],
      [
        -0.0527,
        -0.0148
      ],
      [
        0.074,
        0.1095
      ],
      [
        0.0851,
        -0.0157
      ],
      [
        0.1567,
        -0.099
      ],
      [
        0.1016,
        -0.0619
      ],
      [
        -0.0362,
        -0.0915
      ],
      [
        -0.1078,
        -0.0045
      ]
    ],
    "K": 10,
    "aux_qubit_index": 15,
    "data_source": "Code.dataset_regions (first k regions)",
    "lgd": [
      8235261274.4,
      1578160809.0,
      474088182.4,
      481749868.8,
      1878908459.0,
      517301712.2,
      318325350.2,
      269481520.0,
      247478570.8,
      621688309.6
    ],
    "p_zeros": [
      0.01582,
      0.01516,
      0.01439,
      0.01394,
      0.01648,
      0.0167,
      0.01814,
      0.01703,
      0.01428,
      0.01284
    ],
    "phases": [
      7.504535715757783e-17,
      0.30498423596098645,
      0.5098010567509051,
      0.30498423596098645,
      7.504535715757783e-17
    ],
    "regions": [
      "Uusimaa",
      "Southwest Finland",
      "Satakunta",
      "Kanta-H\u00e4me",
      "Pirkanmaa",
      "P\u00e4ij\u00e4t-H\u00e4me",
      "Kymenlaakso",
      "South Karelia",
      "South Savo",
      "North Savo"
    ],
    "rhos": [
      0.09,
      0.09,
      0.09,
      0.09,
      0.09,
      0.09,
      0.09,
      0.09,
      0.09,
      0.09
    ],
    "sum_lgd": 14622444056.4,
    "target_loss": 7311222028.2,
    "target_loss_fraction": 0.5,
    "target_qubit_index": 14
  },
  "degree": 4,
  "job_id": "d8ibc1pe8nrc73bi4gfg",
  "precompile": {
    "count_ops": {
      "P(X)": 1,
      "QSVT": 1
    },
    "depth": 2,
    "num_qubits": 16
  },
  "qpu_ci_95_p_loss_gt": [
    0.08112981634101499,
    0.161057683658985
  ],
  "qpu_counts_mitigated": {
    "0": 225,
    "1": 31,
    "_condition_number": 1.0111536426969192,
    "_mitigated": true
  },
  "qpu_counts_raw": {
    "0": 223,
    "1": 33
  },
  "qpu_p_loss_gt_target": 0.12109375,
  "qpu_p_loss_gt_target_raw": 0.12890625,
  "qpu_total_shots": 256,
  "readout_calibration": {
    "applied": true,
    "c0_counts": {
      "0": 127,
      "1": 1
    },
    "c1_counts": {
      "0": 0,
      "1": 128
    },
    "cal_physical_qubit": 51,
    "cal_shots": 128,
    "confusion_matrix": [
      [
        0.9921875,
        0.0
      ],
      [
        0.0078125,
        1.0
      ]
    ],
    "e01_meas0_given_state1": 0.0,
    "e10_meas1_given_state0": 0.0078125
  },
  "runtime_seconds": 34.76516842842102,
  "shots": 256
}