{
  "apply_mitigation": true,
  "backend_name": "ibm_boston",
  "benchmark": {
    "abs_error": 0.09357,
    "abs_error_raw": 0.09397,
    "classical_value": 0.00923,
    "metric": "P(loss > target_loss)",
    "quantum_value": 0.1028,
    "quantum_value_raw": 0.1032,
    "rel_error": 10.13759479956663,
    "rel_error_raw": 10.180931744312025
  },
  "cal_shots": 1024,
  "classical": {
    "cvar_0_95": 3636067783.7229934,
    "cvar_0_99": 8209515235.1279545,
    "cvar_0_999": 9340248100.571428,
    "max_loss": 10287510265.8,
    "n_scenarios": 200000,
    "tail_at_target_loss": 0.00923,
    "tail_prob_0_95": 0.02566,
    "tail_prob_0_99": 0.0093,
    "tail_prob_0_999": 0.000175,
    "var_0_95": 0.0,
    "var_0_99": 1578160809.0,
    "var_0_999": 8235261274.4
  },
  "compile_report": {
    "backend_name": "ibm_boston",
    "depth": 206,
    "estimated_success_probability": 0.849687180668292,
    "gate_counts": {
      "cz": 124,
      "measure": 1,
      "rz": 144,
      "sx": 245,
      "x": 17
    },
    "n_qubits": 156,
    "notes": "",
    "processor_type": "Heron 3",
    "selected_physical_qubits": [
      14,
      15,
      19,
      35,
      34,
      33,
      32,
      31,
      18
    ],
    "two_qubit_depth_proxy": 124
  },
  "dataset": {
    "F_values": [
      [
        0.041,
        0.2972
      ],
      [
        0.0079,
        0.0675
      ],
      [
        -0.0306,
        -0.0725
      ]
    ],
    "K": 3,
    "aux_qubit_index": 8,
    "data_source": "Code.dataset_regions (first 3 regions)",
    "lgd": [
      8235261274.4,
      1578160809.0,
      474088182.4
    ],
    "n_z": 2,
    "p_zeros": [
      0.01582,
      0.01516,
      0.01439
    ],
    "phases": [
      0.28813971761347207,
      0.4088313660822785,
      0.28813971761347207
    ],
    "regions": [
      "Uusimaa",
      "Southwest Finland",
      "Satakunta"
    ],
    "rhos": [
      0.09,
      0.09,
      0.09
    ],
    "sum_lgd": 10287510265.8,
    "target_loss": 5143755132.9,
    "target_loss_fraction": 0.5,
    "target_qubit_index": 7,
    "z_max": 2.0
  },
  "degree": 2,
  "job_id": "d8ibqfc2upec739m1cf0",
  "precompile": {
    "count_ops": {
      "P(X)": 1,
      "QSVT": 1
    },
    "depth": 2,
    "num_qubits": 9
  },
  "qpu_ci_95_p_loss_gt": [
    0.09684752937129464,
    0.10875247062870537
  ],
  "qpu_counts_mitigated": {
    "0": 8972,
    "1": 1028,
    "_condition_number": 1.0070878002882222,
    "_mitigated": true
  },
  "qpu_counts_raw": {
    "0": 8968,
    "1": 1032
  },
  "qpu_p_loss_gt_target": 0.1028,
  "qpu_p_loss_gt_target_raw": 0.1032,
  "qpu_total_shots": 10000,
  "readout_calibration": {
    "applied": true,
    "c0_counts": {
      "0": 1023,
      "1": 1
    },
    "c1_counts": {
      "0": 5,
      "1": 1019
    },
    "cal_physical_qubit": 18,
    "cal_shots": 1024,
    "confusion_matrix": [
      [
        0.9990234375,
        0.0048828125
      ],
      [
        0.0009765625,
        0.9951171875
      ]
    ],
    "e01_meas0_given_state1": 0.0048828125,
    "e10_meas1_given_state0": 0.0009765625
  },
  "runtime_seconds": 22.056899070739746,
  "shots": 10000
}