{
  "apply_mitigation": true,
  "backend_name": "ibm_boston",
  "benchmark": {
    "abs_error": 0.061424999999999993,
    "abs_error_raw": 0.061225,
    "classical_value": 0.009075,
    "metric": "P(loss > target_loss)",
    "quantum_value": 0.0705,
    "quantum_value_raw": 0.0703,
    "rel_error": 6.768595041322314,
    "rel_error_raw": 6.746556473829202
  },
  "cal_shots": 1024,
  "classical": {
    "cvar_0_95": 4990911756.33277,
    "cvar_0_99": 8256999026.59008,
    "cvar_0_999": 9813422083.4,
    "max_loss": 9813422083.4,
    "n_scenarios": 200000,
    "tail_at_target_loss": 0.009075,
    "tail_prob_0_95": 0.01776,
    "tail_prob_0_99": 0.009075,
    "tail_prob_0_999": 0.000125,
    "var_0_95": 0.0,
    "var_0_99": 1578160809.0,
    "var_0_999": 8235261274.4
  },
  "compile_report": {
    "backend_name": "ibm_boston",
    "depth": 331,
    "estimated_success_probability": 0.833562923061236,
    "gate_counts": {
      "cz": 140,
      "measure": 1,
      "rz": 201,
      "sx": 264,
      "x": 25
    },
    "n_qubits": 156,
    "notes": "",
    "processor_type": "Heron 3",
    "selected_physical_qubits": [
      14,
      15,
      19,
      35,
      34,
      33,
      32,
      31
    ],
    "two_qubit_depth_proxy": 140
  },
  "dataset": {
    "F_values": [
      [
        0.041,
        0.2972
      ],
      [
        0.0079,
        0.0675
      ]
    ],
    "K": 2,
    "aux_qubit_index": 7,
    "data_source": "Code.dataset_regions (first 2 regions)",
    "lgd": [
      8235261274.4,
      1578160809.0
    ],
    "n_z": 2,
    "p_zeros": [
      0.01582,
      0.01516
    ],
    "phases": [
      0.07415476971308899,
      0.06321766702564076,
      0.02651056925354683,
      0.26747937225787133,
      0.4183846632398036,
      0.26747937225787133,
      0.02651056925354683,
      0.06321766702564076,
      0.07415476971308899
    ],
    "regions": [
      "Uusimaa",
      "Southwest Finland"
    ],
    "rhos": [
      0.09,
      0.09
    ],
    "sum_lgd": 9813422083.4,
    "target_loss": 4906711041.7,
    "target_loss_fraction": 0.5,
    "target_qubit_index": 6,
    "z_max": 2.0
  },
  "degree": 8,
  "job_id": "d8ic32dv8cos73f5djlg",
  "precompile": {
    "count_ops": {
      "P(X)": 1,
      "QSVT": 1
    },
    "depth": 2,
    "num_qubits": 8
  },
  "qpu_ci_95_p_loss_gt": [
    0.06548263926351712,
    0.07551736073648287
  ],
  "qpu_counts_mitigated": {
    "0": 9295,
    "1": 705,
    "_condition_number": 1.0041579035283643,
    "_mitigated": true
  },
  "qpu_counts_raw": {
    "0": 9297,
    "1": 703
  },
  "qpu_p_loss_gt_target": 0.0705,
  "qpu_p_loss_gt_target_raw": 0.0703,
  "qpu_total_shots": 10000,
  "readout_calibration": {
    "applied": true,
    "c0_counts": {
      "0": 1024,
      "1": 0
    },
    "c1_counts": {
      "0": 3,
      "1": 1021
    },
    "cal_physical_qubit": 31,
    "cal_shots": 1024,
    "confusion_matrix": [
      [
        1.0,
        0.0029296875
      ],
      [
        0.0,
        0.9970703125
      ]
    ],
    "e01_meas0_given_state1": 0.0029296875,
    "e10_meas1_given_state0": 0.0
  },
  "runtime_seconds": 83.63385462760925,
  "shots": 10000
}