{
  "apply_mitigation": true,
  "backend_name": "ibm_boston",
  "benchmark": {
    "abs_error": 0.2418575,
    "abs_error_raw": 0.23795125,
    "classical_value": 0.00033,
    "metric": "P(loss > target_loss)",
    "quantum_value": 0.2421875,
    "quantum_value_raw": 0.23828125,
    "rel_error": 732.9015151515151,
    "rel_error_raw": 721.064393939394
  },
  "cal_shots": 128,
  "classical": {
    "cvar_0_95": 2672347771.637579,
    "cvar_0_99": 7833589037.810128,
    "cvar_0_999": 9087860172.363266,
    "max_loss": 18433472318.6,
    "n_scenarios": 200000,
    "tail_at_target_loss": 0.00033,
    "tail_prob_0_95": 0.048485,
    "tail_prob_0_99": 0.00997,
    "tail_prob_0_999": 0.00098,
    "var_0_95": 621688309.6,
    "var_0_99": 2201597350.0,
    "var_0_999": 8504742794.4
  },
  "compile_report": {
    "backend_name": "ibm_boston",
    "depth": 1285,
    "estimated_success_probability": 0.3368379019022258,
    "gate_counts": {
      "cz": 829,
      "measure": 1,
      "rz": 1170,
      "sx": 1663,
      "x": 124
    },
    "n_qubits": 156,
    "notes": "",
    "processor_type": "Heron 3",
    "selected_physical_qubits": [
      14,
      15,
      19,
      35,
      34,
      33,
      32,
      31,
      18,
      30,
      39,
      29,
      38,
      49,
      50,
      51,
      48,
      47,
      57,
      67,
      68,
      66,
      69
    ],
    "two_qubit_depth_proxy": 829
  },
  "dataset": {
    "F_values": [
      [
        0.041,
        0.2972
      ],
      [
        0.0079,
        0.0675
      ],
      [
        -0.0306,
        -0.0725
      ],
      [
        -0.0527,
        -0.0148
      ],
      [
        0.074,
        0.1095
      ],
      [
        0.0851,
        -0.0157
      ],
      [
        0.1567,
        -0.099
      ],
      [
        0.1016,
        -0.0619
      ],
      [
        -0.0362,
        -0.0915
      ],
      [
        -0.1078,
        -0.0045
      ],
      [
        0.0795,
        -0.0541
      ],
      [
        0.0189,
        0.0103
      ],
      [
        -0.1133,
        -0.008
      ],
      [
        -0.2345,
        0.034
      ],
      [
        0.063,
        0.0313
      ],
      [
        0.0,
        -0.0881
      ],
      [
        -0.0527,
        -0.0397
      ]
    ],
    "K": 17,
    "aux_qubit_index": 22,
    "lgd": [
      8235261274.4,
      1578160809.0,
      474088182.4,
      481749868.8,
      1878908459.0,
      517301712.2,
      318325350.2,
      269481520.0,
      247478570.8,
      621688309.6,
      322688891.0,
      732472568.4,
      482912640.0,
      524635712.0,
      1209670622.4,
      130556948.4,
      408090880.0
    ],
    "p_zeros": [
      0.01582,
      0.01516,
      0.01439,
      0.01394,
      0.01648,
      0.0167,
      0.01814,
      0.01703,
      0.01428,
      0.01284,
      0.01659,
      0.01538,
      0.01273,
      0.0103,
      0.01626,
      0.015,
      0.01394
    ],
    "phases": [
      7.504535715757783e-17,
      0.30498423596098645,
      0.5098010567509051,
      0.30498423596098645,
      7.504535715757783e-17
    ],
    "regions": [
      "Uusimaa",
      "Southwest Finland",
      "Satakunta",
      "Kanta-H\u00e4me",
      "Pirkanmaa",
      "P\u00e4ij\u00e4t-H\u00e4me",
      "Kymenlaakso",
      "South Karelia",
      "South Savo",
      "North Savo",
      "North Karelia",
      "Central Finland",
      "South Ostrobothnia",
      "Ostrobothnia",
      "North Ostrobothnia",
      "Kainuu",
      "Lapland"
    ],
    "rhos": [
      0.09,
      0.09,
      0.09,
      0.09,
      0.09,
      0.09,
      0.09,
      0.09,
      0.09,
      0.09,
      0.09,
      0.09,
      0.09,
      0.09,
      0.09,
      0.09,
      0.09
    ],
    "sum_lgd": 18433472318.6,
    "target_loss": 9216736159.3,
    "target_loss_fraction": 0.5,
    "target_qubit_index": 21
  },
  "degree": 4,
  "job_id": "d8ib6edv8cos73f5cj0g",
  "precompile": {
    "count_ops": {
      "P(X)": 1,
      "QSVT": 1
    },
    "depth": 2,
    "num_qubits": 23
  },
  "qpu_ci_95_p_loss_gt": [
    0.18970762002563246,
    0.29466737997436754
  ],
  "qpu_counts_mitigated": {
    "0": 194,
    "1": 62,
    "_condition_number": 1.0341082360367901,
    "_mitigated": true
  },
  "qpu_counts_raw": {
    "0": 195,
    "1": 61
  },
  "qpu_p_loss_gt_target": 0.2421875,
  "qpu_p_loss_gt_target_raw": 0.23828125,
  "qpu_total_shots": 256,
  "readout_calibration": {
    "applied": true,
    "c0_counts": {
      "0": 128,
      "1": 0
    },
    "c1_counts": {
      "0": 3,
      "1": 125
    },
    "cal_physical_qubit": 69,
    "cal_shots": 128,
    "confusion_matrix": [
      [
        1.0,
        0.0234375
      ],
      [
        0.0,
        0.9765625
      ]
    ],
    "e01_meas0_given_state1": 0.0234375,
    "e10_meas1_given_state0": 0.0
  },
  "runtime_seconds": 16.760661125183105,
  "shots": 256
}